LOC_ID,LOC_NAME,AUSPICE,InfantSpace,ToddlerSpace,PreschoolSpace,KindergartenSpace,SchoolAgeSpace
1013,Lakeshore Community Child Care Centre,Non-Profit,0,20,32,52,60
1014,Alternative Primary School Parent Group,Non-Profit,0,0,12,26,45
1015,Cardinal Leger Child Care Centre (Scarborough),Non-Profit,0,10,16,26,50
1016,George Brown - Richmond Adelaide Childcare Centre,Non-Profit,10,15,40,0,0
1017,Woodland Nursery School (Warden Woods Community Centre),Non-Profit,0,10,16,0,0
1021,Centennial College Progress Campus Child Care Centre,Non-Profit,10,20,32,0,0
1029,Air-O-Down Child Care Centre,Non-Profit,10,15,24,0,0
1031,Cedarbrae Day Nurseries (20 Greencrest),Commercial,0,0,16,0,30
1037,Tiago Avenue Community Child Care,Non-Profit,0,0,21,0,30
1041,Ledbury Park Child Care Program,Non-Profit,0,0,24,39,90
1044,Alderwood Action After School,Non-Profit,0,15,32,52,90
1045,Children's Village Day Care Centre #1,Commercial,10,10,32,12,30
1046,Ferncliff Daycare And After School Group,Non-Profit,0,0,32,52,100
1055,Balmy Beach Community Day Care Centre,Non-Profit,0,0,16,52,75
1060,Braeburn Woods Day Care Centre,Non-Profit,0,10,16,25,30
1065,Network Child Care Services - Child's Nest Early Learning Centre,Non-Profit,20,20,0,0,0
1067,Martingrove Child Care Centre,Commercial,0,15,24,10,15
1070,Discovery Place Child Care Centre Ltd.,Commercial,10,20,48,20,45
1072,Carefree Preschool,Commercial,20,15,48,0,0
1079,East Scarb. Boys' & Girls' Club - Eastside Child Care Centre,Non-Profit,0,15,24,26,45
1082,Macaulay - Regent Street Child Care Centre,Non-Profit,10,10,24,0,0
1083,Lori Gardens Centre For Early Learning,Commercial,10,15,28,22,25
1086,Network - Child's Nest Early Years And Child Care Centre - 123 Cosburn,Non-Profit,0,10,48,0,0
1091,Eastside Club Day Care - 100 Galloway Road,Non-Profit,10,15,24,0,0
1093,Martin Luther Child Care - Superior,Non-Profit,0,10,16,0,0
1094,Arbor Glen Community Child Care Centre,Non-Profit,0,0,24,26,45
1095,Frankland Day Care Centre,Non-Profit,0,0,0,26,50
1098,Early Adventures Nursery School & Child Care,Commercial,0,15,24,26,30
1101,Beatty Buddies Daycare,Non-Profit,0,15,40,65,90
1103,Selwyn Community Child Care Centre,Non-Profit,0,0,22,33,35
1104,Mandi Day Care,Non-Profit,0,25,32,0,15
1107,Educare Kindergarten - Rathburn,Commercial,0,10,24,0,30
1111,Rolph Road Day Care,Non-Profit,0,0,20,40,65
1116,Guildwood Child Care,Commercial,10,20,32,12,30
1123,Ernie Boccia Creative Child Day Care (Rasheda Alli),Commercial,10,20,16,0,0
1125,First Stage - Burnhamthorpe,Non-Profit,10,15,16,0,0
1127,Fairbank Memorial Day Care Centre,Non-Profit,0,10,16,13,30
1129,First Stage - West Humber,Non-Profit,10,15,16,0,0
1130,Red Apple Day Care (Overlea),Non-Profit,10,10,16,0,0
1135,Fraser School - Community Day Care Centre,Non-Profit,0,10,44,26,60
1137,Golf Road School Child Care Centre Inc.,Non-Profit,0,10,16,26,30
1138,McKee McKids Enrichment Centre,Non-Profit,0,0,24,52,90
1140,Leaside Day Care Centre,Non-Profit,20,35,44,0,0
1141,Gold Circle Early Childhood Day Care Centre,Non-Profit,0,15,24,26,45
1148,Park Lawn Preschool,Non-Profit,0,15,24,39,75
1150,George Harvey Child Care Centre,Non-Profit,10,15,16,0,0
1157,Children's Circle Of St. Barnabas,Non-Profit,10,15,56,26,45
1160,Morningside Children's Centre,Commercial,0,15,16,10,0
1167,McNicoll Avenue Child Care Program,Non-Profit,10,15,24,0,0
1169,N.Y.A.D. Guildwood,Non-Profit,0,0,16,26,30
1170,Arpi Nursery School,Commercial,20,25,64,0,0
1174,Bonaventure Child Care Centre,Non-Profit,10,25,32,0,0
1180,Children's Primary Centre,Non-Profit,0,0,24,12,0
1182,Happy Day Child Care Centre,Commercial,0,0,24,12,20
1190,Abiona Centre For Infant And Early Mental Health's Early Learning,Non-Profit,10,15,0,0,0
1192,Nsheemaehn Child Care Centre,Non-Profit,10,10,32,0,0
1193,Childspace Day Care Corporation # 1 (50 Woodmount),Non-Profit,0,0,0,52,68
1194,Royal Day Care Centre Weston Inc,Commercial,0,10,56,0,39
1196,Rosalie Hall Early Learning And Child Care Centre,Non-Profit,30,25,24,0,0
1200,Alpha Site,Non-Profit,0,0,0,0,30
1201,Humewood Day Care Centre,Non-Profit,0,0,32,52,30
1204,Rexdale Day Nursery,Non-Profit,0,0,48,0,25
1205,Sandbox Day Care Centre,Commercial,0,10,38,12,28
1207,Humber Bay Child Care Centre,Non-Profit,0,15,24,26,60
1211,Humber Child Development Centre,Non-Profit,20,30,48,0,0
1213,Avenue Road Nursery School,Commercial,0,45,48,0,0
1216,Roseland Day Care Centre,Non-Profit,0,10,16,13,30
1221,Romero Bears Child Care Centre,Non-Profit,0,10,8,0,0
1229,Lescon Learners Child Care,Non-Profit,10,10,24,26,30
1231,Childspace Day Care Corporation # 2 (690 Carlaw),Non-Profit,0,15,24,26,45
1232,Dawes Road Centre For Early Learning,Commercial,20,20,40,0,0
1235,Silverstone Learning Centre,Commercial,0,10,16,20,30
1248,Brock Early Learning Centre,Non-Profit,0,15,32,26,60
1250,Sunny Faces Day Care Centre - Rivercrest,Non-Profit,0,0,24,26,50
1254,Baycrest Child Care Centre,Non-Profit,10,30,48,52,30
1255,Campus Community Co-Operative Day Care,Non-Profit,10,15,24,0,0
1266,Network Child Care Services - Just Kids Child Care Centre,Non-Profit,10,20,32,0,0
1267,Plains Road Child Care Inc.,Non-Profit,10,20,32,52,30
1271,J.R. Wilcox Day Care Centre,Non-Profit,10,15,24,39,45
1272,Lef- Silverthorn Early Learning Earth Centre,Non-Profit,10,10,16,0,0
1278,Sheppard Square Day Nursery,Commercial,10,30,48,0,30
1280,Tiny Treasure Montessori,Commercial,0,10,48,12,0
1285,Kingsview Child Care,Commercial,20,15,40,0,24
1287,Terry Tan Child Centre (Bloordale),Non-Profit,10,25,32,0,0
1288,A & A Child Care Centre,Non-Profit,20,40,48,0,30
1294,Cottingham Child Care Centre,Non-Profit,0,0,24,26,30
1297,West Hill Centre For Early Learning (Centres For Early Learning Inc.),Commercial,10,15,40,0,0
1298,B.F. Toronto Centre For Early Childhood Education,Commercial,0,10,24,26,30
1306,Bayview Gardens Day Care Centre,Commercial,0,30,40,0,0
1309,Tlc - Tender Loving Care (Cross St.),Commercial,0,10,16,10,24
1324,Cedarbrae Day Nursery (1375 Midland),Commercial,20,35,16,0,0
1328,Donald C. Macdonald Child Care Centre,Non-Profit,10,25,31,0,0
1335,Blaydon Community Day Care Centre,Non-Profit,0,10,16,26,22
1336,Lef - Vaughan Road Infant And Toddler Centre,Non-Profit,10,15,24,0,0
1339,Cedarbrae Day Nursery,Commercial,0,0,32,20,45
1340,Central Eglinton Childrens' Centre,Non-Profit,0,15,48,104,135
1347,Children Of Tomorrow - John McCrae,Non-Profit,0,0,0,52,90
1348,Brookhaven Child Care,Non-Profit,0,15,24,52,60
1350,Terry Tan Child Care (Rossburn) Facility #4450,Non-Profit,10,10,32,26,30
1351,Birchmount Place Centre For Early Learning,Commercial,10,15,32,0,24
1356,Vincent Massey Academy - (521909 Ontario Ltd.),Commercial,0,15,64,0,0
1360,Immanuel Child Care Centre,Non-Profit,0,30,56,0,0
1361,Dandylion Childcare Centre,Non-Profit,0,0,32,78,150
1367,Kiddies Lodge Day Care Centre,Commercial,0,15,24,0,30
1371,Knob Hill Day Nursery,Non-Profit,10,15,24,0,0
1372,Tng Central Neighbourhood House,Non-Profit,10,20,16,0,0
1373,Calico Saints Child Care Centre,Non-Profit,10,15,24,65,60
1374,Palisades Centre For Early Learning,Commercial,20,15,48,24,30
1379,Davisville Care Programme Inc.,Non-Profit,10,20,40,104,150
1381,Centro Clinton Day Care Centre,Non-Profit,0,20,48,52,77
1383,Kimbercroft Day Nursery 2,Commercial,0,0,48,0,30
1391,Progress Childcare (Scarborough Inc. #1 (3 Glamorgan),Non-Profit,10,10,48,22,0
1395,Tamarack Day Care Centre (765566 Ontario Inc),Commercial,0,25,48,24,45
1396,Mothercraft: Robertson House (32 Heath Street West),Non-Profit,10,25,24,0,0
1402,Mother Of Compassion Child Care,Non-Profit,10,15,24,0,0
1413,Albion Early Learning  & Child Care Centre,Public (City Operated) Agency,10,20,24,0,0
1414,Centennial College East York Day Care (Plains Rd),Non-Profit,0,0,0,26,30
1420,Cast For Kids Child Care Centre,Non-Profit,10,15,24,26,45
1425,Vradenburg Community Child Care Centre,Non-Profit,10,15,24,26,30
1426,Educare Kindergarten - Islington,Commercial,0,10,32,18,30
1430,N.Y.A.D. Donwood Inc,Non-Profit,0,10,16,26,15
1434,Champions Children's Centre,Non-Profit,0,0,16,26,60
1439,Wexford Community Childcare Centre,Non-Profit,10,15,16,26,30
1440,Petit Pearson Child Care,Non-Profit,0,15,24,52,60
1445,Children Are People Education,Non-Profit,20,55,56,0,0
1448,Rainbow Village Childcare Centre (Mid-Scarborough Child Care),Non-Profit,6,25,56,13,30
1452,Cambridge Place Centre For Early Learning,Commercial,10,15,48,20,0
1453,Downtown Montessori At Coatsworth (Formerly Ward Nine -Coatsworth),Non-Profit,10,15,32,0,0
1454,Dunloe Children's Centre,Non-Profit,0,0,56,0,30
1458,Enriched Child Care Learning Centre,Commercial,0,10,24,0,0
1460,Children's Village Day Care Centre #3,Commercial,10,15,24,16,40
1462,Howard Park Children's Centre,Non-Profit,0,0,0,65,120
1466,Heart Beatz Child Care - Cliffcrest Site,Non-Profit,10,20,24,0,0
1467,Earl Haig Community Day Care (15 Earl Haig Avenue),Non-Profit,10,15,46,65,120
1477,Yonge Hearts Child Care Centre,Non-Profit,20,30,64,0,0
1482,East Toronto Village Children's Centre,Non-Profit,0,20,32,0,0
1484,Phoenix Child Centre,Non-Profit,0,0,30,52,30
1486,Scarborough Village Day Nursery 1,Commercial,6,15,24,13,15
1488,Esterbrooke Child Care,Commercial,0,0,24,10,20
1491,Les Bouts D'Choux,Non-Profit,10,10,40,26,45
1495,Pleasant Child Care Of North York,Non-Profit,0,10,24,26,45
1496,Main Square Day Care Centre,Non-Profit,0,15,24,0,26
1498,McMurrich Sprouts,Non-Profit,10,15,40,52,60
1500,Faywood Boulevard Child Care Centre,Non-Profit,0,0,24,52,80
1504,Fenside Drive Children's Centre,Non-Profit,0,15,48,39,75
1507,Cougar Court Child Care Centre 25,Commercial,0,0,16,0,60
1509,Scarborough Village Day Nursery 2,Commercial,0,0,16,0,15
1520,Birds And Bees Day Care Centre,Commercial,0,15,40,0,30
1521,Cliffwood Community Child Care,Non-Profit,0,15,24,39,50
1522,Finch Flyers Child Care Program,Non-Profit,0,10,24,52,60
1525,Hilltop Daycare Centre,Non-Profit,10,15,32,0,15
1529,George Brown - Fashion District/Ryerson Child Care Centre,Non-Profit,0,0,0,26,30
1531,Today's Child Tomorrow's Future Children's Centre (290 Blantyre),Non-Profit,0,0,32,39,45
1533,John A. Leslie Childcare - Scarborough,Non-Profit,0,15,24,26,30
1536,Dalemount Child Care,Non-Profit,0,0,32,26,55
1538,Kenlinton Child Care Centre (Operator: Stonehill) Facility #16008,Commercial,0,0,32,0,30
1539,Friends Day Care Centre,Non-Profit,0,0,16,0,0
1544,Kennedy Road Kiddy Kare - (Kennedy Road Church Of The Nazarene),Non-Profit,0,10,24,0,30
1547,Today's Child Tomorrow's Future Children's Centre,Non-Profit,0,15,18,26,23
1548,Gan Yeladim Day Care Centre,Non-Profit,0,15,32,10,0
1551,Don Valley Christian Child Care,Non-Profit,10,15,24,0,0
1554,Pride In Heritage Children's Centre,Non-Profit,0,10,24,52,75
1559,St. Michael And All Angels Day Care Centre,Non-Profit,10,15,40,0,0
1562,Gateway Day Care Centre,Commercial,10,10,24,0,12
1566,Glen Cameron For Kids,Non-Profit,0,0,16,26,68
1567,Downsview Child Care Centre,Non-Profit,10,20,24,0,0
1570,Ranchdale Rompers Day Care,Non-Profit,0,10,24,26,60
1577,Playhouse Child Care Centre,Non-Profit,10,10,32,26,0
1578,Rejoyce Caledon Community Child Care,Non-Profit,0,0,20,39,45
1580,Garderie La Farandole Gabrielle Roy,Non-Profit,10,10,32,52,45
1585,West Prep Children's Centre Of Toronto,Non-Profit,0,15,32,52,60
1588,Greenland Recreational After School Program,Non-Profit,0,0,0,0,45
1589,Dublin Heights Community Child Care,Non-Profit,0,10,24,52,80
1593,Garrison Creek Community Day Care,Non-Profit,0,15,16,52,65
1598,Rippleton Roadsters Child Care Program,Non-Profit,0,0,48,52,90
1601,Gulfstream Day Care Centre,Non-Profit,10,15,24,26,60
1603,Highview Wilson Child Care,Non-Profit,0,0,16,26,45
1605,Hillmount Child Care,Non-Profit,0,0,24,26,30
1607,Hollywood All Stars Child Care,Non-Profit,0,0,16,39,75
1613,John Ross Robertson Child Centre,Non-Profit,0,0,40,52,120
1614,Kew Beach Day Care Co-Op Inc.,Non-Profit,0,0,40,52,74
1617,Givins/Shaw School Community Day Care,Non-Profit,0,0,24,52,45
1618,Roywood Child Care North York,Non-Profit,0,0,24,26,45
1619,Wilmington Best Child Care Centre,Non-Profit,0,0,24,78,54
1624,Junction Day Care Centre,Non-Profit,0,0,32,78,90
1625,Gledhill Avenue Child Care Centre,Non-Profit,0,0,24,52,60
1629,Kids Haven Community Child Care,Non-Profit,0,10,32,13,30
1630,Kids Korner Day Care,Non-Profit,0,0,24,0,0
1633,York University Co-Operative Day Care Centre,Non-Profit,20,35,79,0,15
1635,Hawthorne-On-Essex Day Care,Non-Profit,0,15,32,52,70
1636,Keelmount Daycare Centre,Non-Profit,0,10,24,52,90
1643,Le Petit Chaperon Rouge - Gainsborough,Non-Profit,0,0,16,48,77
1644,Kindercircle Day Care,Non-Profit,10,15,0,0,0
1645,Kensington Kids Early Learning Centre,Non-Profit,10,15,48,26,0
1651,Lawrence Heights Community Day Care Centre,Non-Profit,10,20,24,39,45
1653,Yorkview Kids Care,Non-Profit,0,0,16,52,45
1663,Hester How Early Learning Centre,Non-Profit,12,20,24,20,0
1664,Sunnybrook Creche,Non-Profit,10,25,32,0,0
1665,Montrose Child Care Centre Inc.,Non-Profit,10,15,16,26,50
1670,Topcliff Community Child Care,Non-Profit,0,0,24,26,45
1680,Lord Dufferin Community Day Care Centre,Non-Profit,0,0,0,40,100
1683,Oakwood Children's House,Non-Profit,0,0,16,0,0
1687,Faith Lutheran Day Care Centre Of Downsview,Non-Profit,0,15,24,0,0
1690,Matthew-John Early Learning Centre,Non-Profit,0,15,32,26,0
1691,St Mark's Day Care Centre - Greenland Road,Non-Profit,0,10,32,25,0
1692,Huron Superfriends Inc.,Non-Profit,0,0,0,52,59
1693,Rendezvous Child Care Centre,Non-Profit,0,0,16,26,65
1698,Ogden Day Care Centre,Non-Profit,0,15,24,52,45
1699,Three Valleys Children's Centre,Non-Profit,0,10,32,26,60
1702,Hydrokids - Opg,Non-Profit,10,20,52,0,0
1705,Tot World Child Care Centre,Non-Profit,10,15,24,52,45
1712,Jackman Community Daycare,Non-Profit,0,0,40,52,150
1714,Orde Day Care Centre (Orde Street),Non-Profit,0,0,32,52,75
1715,Tumpane Child Care Learning Centre,Non-Profit,0,15,24,52,90
1717,Start Right Child Care Centre,Non-Profit,10,15,24,0,0
1721,Van Horne Day Care,Commercial,0,10,16,0,24
1731,Shaughnessy Boulevard Children's Centre,Non-Profit,0,20,40,39,45
1737,Sunburst Children's Centre,Non-Profit,10,15,16,0,0
1738,Victoria Park Child Care Centre,Non-Profit,10,10,16,0,0
1740,Early Enrichment Day Care (St. John's West Toronto),Non-Profit,10,20,24,0,0
1749,Palmerston Community Daycare,Non-Profit,0,0,48,26,60
1750,Sandalwood Centre For Early Learning (Centres For Early Learning Inc.),Commercial,10,25,56,24,30
1751,Seafield Day Nursery,Commercial,10,15,40,24,30
1755,St. Lawrence Co-Operative Day Care School Age (230 The Esplanade),Non-Profit,0,0,48,0,56
1756,Lakeside Co-Operative Playschool Inc.,Non-Profit,0,9,16,0,0
1758,Pape Children's House,Non-Profit,0,15,32,48,60
1765,Pat Schulz Child Care Centre,Non-Profit,10,15,24,0,0
1768,Roden Community Child Care Centre,Non-Profit,0,0,16,13,30
1769,West End Parents Day Care Centre,Non-Profit,0,30,48,0,0
1775,Williamson Road Day Care Centre,Non-Profit,0,0,0,26,90
1778,Woodgreen Community Services (Woodfield Child Care Centre),Non-Profit,6,25,24,65,45
1786,Woodgreen Community Services (Morse Child Care Centre),Non-Profit,0,15,24,65,60
1787,Muppets Pre-School Centre,Commercial,0,30,48,52,99
1792,Muppets Too Preschool Centre,Commercial,0,15,24,26,65
1793,Wychwood Tigers Daycare Centre,Non-Profit,0,0,40,52,60
1800,St. Lawrence Co-Operative Day Care (2 Princess Street),Non-Profit,0,25,24,0,0
1812,George Brown - Rose Avenue Child Care Centre,Non-Profit,10,10,24,78,60
1818,Runnymede Adventure Club,Non-Profit,0,0,0,52,110
1819,Bloorcourt Village Early Learning Centre,Commercial,10,30,36,0,30
1823,Sunnyside Garden Day Care,Non-Profit,0,15,23,65,90
1824,Ryerson Early Learning Centre (Ryerson University),Non-Profit,0,15,24,0,0
1832,Candy Factory Swallows Day Care (The),Commercial,10,25,40,0,0
1833,University Settlement Day Care Centre,Non-Profit,10,15,24,0,0
1835,George Brown - Casa Loma Child Care Centre,Non-Profit,10,15,40,0,0
1837,Ancaster Early Learning & Child Care Centre,Public (City Operated) Agency,10,20,24,0,0
1838,Rawlinson Early Learning & Child Care Centre,Public (City Operated) Agency,10,20,24,0,0
1839,Alexandra Park Early Learning & Child Care Centre,Public (City Operated) Agency,10,10,16,0,0
1840,Berner Trail Early Learning & Child Care Centre,Public (City Operated) Agency,10,20,24,0,0
1842,Brahms Early Learning & Child Care Centre,Public (City Operated) Agency,6,10,16,0,0
1843,Willowridge Early Learning & Child Care Centre,Public (City Operated) Agency,0,10,32,0,0
1847,Blake Street Early Learning & Child Care Centre,Public (City Operated) Agency,10,15,24,0,0
1848,Rowntree Early Learning & Child Care Centre,Public (City Operated) Agency,10,10,16,0,0
1850,Gilder Early Learning & Child Care Centre,Public (City Operated) Agency,10,20,0,0,0
1851,Edgeley Early Learning & Child Care Centre,Public (City Operated) Agency,10,10,32,0,0
1852,Emery Early Learning & Child Care Centre,Public (City Operated) Agency,10,10,16,0,0
1853,Taylor Creek Early Learning & Child Care Centre,Public (City Operated) Agency,10,10,16,0,0
1854,Thomas Berry Early Learning & Child Care Centre,Public (City Operated) Agency,10,20,32,0,0
1855,Galloway Early Learning & Child Care Centre,Public (City Operated) Agency,6,10,16,0,0
1857,Falstaff Early Learning & Child Care Centre,Public (City Operated) Agency,10,20,32,0,0
1858,Canadiana Court Early Learning & Child Care Centre,Public (City Operated) Agency,10,10,16,0,0
1860,Centenary Seven Oaks  Early Learning & Child Care Centre,Public (City Operated) Agency,10,15,24,0,0
1861,Mount Dennis Early Learning & Child Care Centre,Public (City Operated) Agency,10,10,16,0,0
1863,Kipling Early Learning & Child Care Centre,Public (City Operated) Agency,10,10,16,0,0
1869,Flemingdon Early Learning & Child Care Centre,Public (City Operated) Agency,10,10,32,0,0
1870,Regent Park Early Learning & Child Care Centre,Public (City Operated) Agency,10,10,16,0,0
1874,O'Connor Satellite Early Learning & Child Care Centre,Public (City Operated) Agency,0,0,16,0,0
1875,O'Connor Early Learning & Child Care Centre,Public (City Operated) Agency,10,20,16,0,0
1878,Blacksmith Child Care Centre,Non-Profit,0,10,16,26,30
1882,Stilecroft Superkids,Non-Profit,0,10,16,13,15
1887,Davenport Perth Early Learning & Child Care Centre,Public (City Operated) Agency,10,10,16,0,0
1888,Coxwell Early Learning & Child Care Centre,Public (City Operated) Agency,0,10,16,0,0
1889,Jesse Ketchum Early Learning & Child Care Centre,Public (City Operated) Agency,10,20,16,0,60
1890,Danforth Early Learning & Child Care Centre,Public (City Operated) Agency,20,20,24,0,0
1891,Church Street School Day Care Service Inc.,Non-Profit,0,10,16,52,80
1893,The Yonge Street Mission / Davis Centre,Non-Profit,10,15,40,0,0
1895,North York Jr Ymca,Non-Profit,0,30,48,0,0
1896,West End Jr Ymca,Non-Profit,0,30,40,0,15
1898,Ymca Child Development Centre (Ymca),Non-Profit,10,30,48,26,30
1900,Second Street School Age Ymca,Non-Profit,0,0,0,39,60
1901,Lamp Jr Ymca,Non-Profit,0,15,32,0,0
1902,University City Jr Ymca,Non-Profit,20,30,40,0,0
1907,St. Gabriel's Jr Ymca,Non-Profit,0,0,8,26,30
1909,Cougar Court Child Care Centre 15,Commercial,30,55,64,0,0
1911,Lynngate Jr Ymca,Non-Profit,0,10,24,26,30
1912,Bridlewood Jr Ymca,Non-Profit,0,0,24,26,30
1913,Maryvale Jr Ymca,Non-Profit,0,10,24,13,30
1914,David Lewis Jr Ymca,Non-Profit,0,0,32,26,30
1915,High Park Jr Ymca,Non-Profit,10,30,40,0,0
1918,Wellesworth School Age Ymca,Non-Profit,0,0,0,13,30
1919,Wedgewood School Age Ymca,Non-Profit,0,0,0,52,60
1926,Derrydown School Age Ymca,Non-Profit,0,0,0,26,30
1927,Holy Spirit Jr Ymca,Non-Profit,0,0,24,26,30
1928,Pauline Johnson School Age Ymca,Non-Profit,0,0,0,13,30
1929,Glamorgan School Age Ymca,Non-Profit,0,0,0,26,30
1931,Secord School Age Ymca,Non-Profit,0,0,0,0,30
1934,William G. Miller School Age Ymca,Non-Profit,0,0,0,26,45
1935,McGregor Jr Ymca,Non-Profit,0,0,38,78,135
1937,Chester Jr Ymca,Non-Profit,0,10,24,52,45
1938,William Burgess Jr Ymca,Non-Profit,0,10,24,52,75
1939,Albion Heights School Age Ymca,Non-Profit,0,0,0,0,30
1941,Humbercrest School Age Ymca,Non-Profit,0,0,0,65,150
1942,Brian Drive School Age Program (Ymca),Non-Profit,0,0,0,0,60
1943,Crestview School Age Program Ymca,Non-Profit,0,0,0,26,60
1951,Knob Hill School Age Ymca,Non-Profit,0,0,0,26,30
1952,Hunter's Glen  School Age Ymca,Non-Profit,0,0,0,0,30
1956,Brimwood School Age Ymca,Non-Profit,0,0,0,26,30
1958,George Webster Jr Ymca,Non-Profit,10,15,24,39,60
3495,Northview Heights Early Learning Centre,Non-Profit,6,15,8,0,0
3497,Scarborough Jr Ymca,Non-Profit,20,30,40,0,0
3499,Blue Wave Child Care Centre,Non-Profit,10,20,24,52,0
3507,Morrish Jr Ymca,Non-Profit,0,10,16,26,30
3513,Our Lady Of Peace School Age Program (Ymca),Non-Profit,0,0,0,26,60
3537,Marguerite Butt Early Learning & Child Care Centre,Public (City Operated) Agency,10,20,32,0,0
3550,Lucy Maud Montgomery Jr Ymca,Non-Profit,10,10,16,26,45
3551,Norman Ingram School Age Ymca,Non-Profit,0,0,0,0,30
3596,Metro Hall Early Learning & Child Care Centre,Public (City Operated) Agency,10,20,32,0,0
3629,The South Drive Children's Circle,Non-Profit,0,0,22,52,52
3670,Mothercraft:  Brookfield Place - 161 Bay Street,Non-Profit,10,10,32,0,0
3701,Branson Pre-School Ltd.,Commercial,0,10,32,0,0
3709,The Alderbuds Child Care Centre Of Etobicoke,Non-Profit,10,15,24,0,0
3712,Allenby Day Care,Non-Profit,0,15,16,78,150
3733,Treetop Children's Centre,Non-Profit,0,0,43,78,60
3736,John Wanless Child Care,Non-Profit,0,0,16,78,163
3767,Unicorn Day Care Centre Toronto,Non-Profit,0,0,0,65,120
3774,Timothy Eaton Infant & Toddler Centre,Non-Profit,10,10,0,0,0
3792,Abiona Centre For Infant And Early Mental Health's Early Learning,Non-Profit,10,20,32,0,0
3795,North Etobicoke Jr Ymca,Non-Profit,20,20,32,0,0
3810,Isabella Walton Child Care (Scarborough) Inc.,Non-Profit,10,10,32,0,0
3829,Queen Victoria Child Care Centre,Non-Profit,0,15,24,26,90
3875,Fleming Jr Ymca,Non-Profit,0,10,16,26,30
3880,Casa Del Zotto Children's Centre,Non-Profit,0,30,48,0,0
3884,Mothercraft:  Toronto Eaton Centre,Non-Profit,10,10,32,0,0
3893,Antica Village Children's Day Care Centre (646508 Ontario Ltd),Commercial,0,0,16,0,15
3942,N.Y.A.D Scarborough Village,Non-Profit,0,0,16,13,30
3952,Millvalley Child Care Centre,Commercial,0,0,32,26,45
3957,Swansea Kids Place,Non-Profit,0,0,0,78,165
3959,Sunflower House,Non-Profit,10,10,24,0,0
3963,Le Petit Chaperon Rouge - Etobicoke (Facility #12270),Non-Profit,0,15,20,49,75
3967,Lady Bug Daycare Centre,Commercial,0,0,48,0,0
3970,Grace Church On-The-Hill Child Care Centre,Non-Profit,20,42,30,0,0
3972,Network Child Care Services - Ossington Avenue North,Non-Profit,10,15,24,0,0
3992,Our Lady Of Sorrows School Age Ymca,Non-Profit,0,0,0,39,120
4012,Kateri Kids Child Care Centre,Non-Profit,0,0,16,0,30
4028,Waterfront Montessori Childrens Centre,Non-Profit,0,0,24,0,0
4044,Mary Ward Child Care Centre,Non-Profit,10,15,24,0,0
4049,Rouge Valley Jr Ymca,Non-Profit,0,10,16,26,30
4074,St. Bede Child Care Centre,Non-Profit,0,0,32,0,30
4110,Whitney Child Centre,Non-Profit,0,15,48,52,52
4115,Churchill Chums School Age Child Care Centre,Non-Profit,10,20,32,39,90
4144,Heath And Ferndale Child Care Program,Non-Profit,0,15,48,78,120
4176,Denlow Community Child Care Centre,Non-Profit,0,0,20,13,30
4184,Dundas Kindergarten Enrichment Program,Non-Profit,0,0,0,52,60
4186,York Humber Child Care,Non-Profit,10,15,16,0,0
4218,Dunlace Children's Centre,Non-Profit,0,0,24,26,52
4240,French Connection,Non-Profit,0,0,16,52,80
4258,Port Royal Jr Ymca,Non-Profit,0,0,32,26,60
4263,Lambton Park Child Care Centre,Non-Profit,0,0,16,26,30
4307,Das Day Care,Non-Profit,0,0,0,26,45
4310,Trinity Bellwoods Community Children's Group/Care (Crawford Street),Non-Profit,0,0,0,0,40
4319,Brian's Petit Amis,Non-Profit,0,10,24,52,0
4323,Owen Community Learning Centre,Non-Profit,0,0,40,52,110
4372,Briarcrest Child Care,Non-Profit,0,10,24,26,30
4436,St. Cyril's Before & After School Programme,Non-Profit,0,0,0,39,55
4543,Network Child Care Services - Ossington Avenue South,Non-Profit,0,15,24,0,0
4545,Northlea Community Child Care,Non-Profit,0,15,24,78,105
4547,N.Y.A.D. Corvette,Non-Profit,10,15,16,52,60
4565,Life-Bridge Child Care,Non-Profit,10,15,32,0,0
4571,The Squirrels' Nest Child Care Centre,Non-Profit,10,25,32,26,30
4590,Garderie Chez Tante Laure,Non-Profit,0,10,24,26,30
4637,Jewish Russian Community Centre Preschool & Day Care,Non-Profit,0,15,24,24,0
4680,Woodgreen Community Services (Riverdale Child Care),Non-Profit,10,15,24,0,0
4708,North York Little Prints Daycare,Non-Profit,20,30,40,0,0
4714,Malvern Early Learning & Child Care Centre,Public (City Operated) Agency,10,20,32,0,0
4745,Downtown Montessori At Simcoe Place,Non-Profit,12,15,32,0,0
4750,First Stage - North Albion,Non-Profit,10,15,16,0,0
4839,Macaulay - Humberwood Child Care Centre,Non-Profit,0,15,40,78,90
4847,Centennial College Early Childhood Education Centre(550 Mortimer),Non-Profit,10,15,32,0,0
4849,Macaulay - Keelesdale Child Care Centre,Non-Profit,0,0,24,39,45
4936,Sheppard Business Park Child Care Centre,Commercial,0,30,48,0,0
4937,Elkhorn Junior Y - (Ymca),Non-Profit,0,0,16,52,75
4965,Maurice Cody Child Care,Non-Profit,0,0,0,117,285
4970,St. Lawrence Infant Toddler Centre (4 Market Street),Non-Profit,20,20,0,0,0
5070,Muppets Infant & Toddler Centre 312,Commercial,10,15,38,0,0
5166,Learning Jungle Briarcrest,Commercial,6,10,29,0,0
5300,Orde Day Care Satellite (St. Patrick Street),Non-Profit,10,15,24,0,0
5406,Tic Toc Day Care Centre Inc,Commercial,10,10,32,0,0
5468,Growing Tykes Learning Centre  910 Markham Road,Non-Profit,30,40,64,0,15
5543,Millwood Jr Ymca,Non-Profit,0,0,16,39,45
5702,Gilder Satellite Early Learning & Child Care Centre,Public (City Operated) Agency,0,0,16,0,0
5792,Courtleigh Place Child Care Centre,Commercial,10,25,24,0,0
5808,Scarborough Day Nursery School,Commercial,0,0,28,13,30
5828,Muppets Children's Centre 314,Commercial,10,10,32,0,0
5834,Rockford Child Care,Non-Profit,0,15,24,52,60
5847,"Studio 1,2,3 Early Learning Centre",Non-Profit,0,10,20,0,0
5861,Harmony Childcare Centre,Non-Profit,0,0,44,39,60
5863,Institute Of Child Study After School Daycare,Non-Profit,0,0,24,0,30
5871,St. Alphonsus,Non-Profit,0,10,24,0,15
5873,Hippo Nursery School,Non-Profit,0,10,32,0,0
5878,Bennington Heights Child Care Centre,Commercial,0,15,24,0,0
5897,Seneca Hill Centre For Early Learning,Commercial,20,20,40,10,0
5908,St. Monica's Satellite (Central Eglinton),Non-Profit,0,0,0,26,75
5958,Children's Playgarden /Toronto Military Family Resource Centre,Non-Profit,10,15,24,0,0
6103,Withrow Child Care Centre,Non-Profit,0,0,24,52,105
6366,Bessborough Child Care Centre,Non-Profit,0,0,0,39,71
6374,Children's Creative Corner Co-Op Nursery School,Non-Profit,0,0,14,0,0
6382,John G. Althouse - Princess Margaret,Non-Profit,0,0,0,39,90
6390,Plasp Father Serra Catholic School,Non-Profit,0,0,0,26,60
6395,St. Gregory's Before & After School Club,Non-Profit,0,0,0,26,60
6403,Etobicoke Montessori School,Commercial,0,15,32,0,0
6424,Plasp St. Clement Catholic School,Non-Profit,10,15,16,26,60
6425,Humbervale Montessori School Inc (Facility #15068),Commercial,0,0,56,0,0
6427,Kingsway Nursery School,Commercial,0,15,16,0,0
6433,New Toronto Nursery Co-Operative Inc,Non-Profit,0,0,16,0,0
6437,Prince Edward Montessori School Of Toronto,Commercial,0,0,32,0,0
6445,Sonechko Day Care Incorporated,Non-Profit,0,9,24,0,0
6447,St. George's School Age Child Care Programme,Non-Profit,0,0,0,26,60
6449,Sunnylea Child Care Centre,Non-Profit,0,10,24,46,90
6451,Sunnylea Co-Operative Nursery School,Non-Profit,0,15,16,0,0
6453,Plasp Humber Valley Village Junior Middle School,Non-Profit,0,0,0,13,45
6459,Princess Margaret Nursery School,Non-Profit,0,8,16,0,0
6463,Hydro Bright Lights Childcare Centre,Non-Profit,10,15,16,10,0
6465,Lambton - Kingsway B & After School Program,Non-Profit,0,0,0,39,105
6467,Royal York Road School,Non-Profit,0,15,32,0,0
6471,Plasp All Saints Catholic School,Non-Profit,0,0,0,26,60
6474,Silver Creek Centre For Early Learning & Development,Non-Profit,0,10,30,0,0
6476,Garderie Rayon De Soleil,Non-Profit,0,15,24,26,45
6480,Wee Leprechauns Child Care Centre Ltd,Commercial,0,15,16,0,0
6498,Lansing Co-Op Nursery School,Non-Profit,0,0,40,0,0
6508,Lee Wiggins Childcare Centre (The),Non-Profit,0,10,15,0,0
6513,Armour Heights Child Care Program,Non-Profit,0,0,24,26,60
6519,Carmelite Missionary Sisters Of Saint Theresa Of The Child Jesus,Non-Profit,0,14,48,0,6
6521,Temple Sinai Nursery School,Non-Profit,0,45,20,0,0
6527,Blessed Trinity Before & After School,Non-Profit,0,15,22,26,30
6535,Hillcrest Progressive School,Non-Profit,0,15,24,13,0
6543,Agincourt Montessori School Inc.,Commercial,0,0,40,0,0
6545,Agincourt Temple Day Care(Governing Council Of The Salvation Army),Non-Profit,10,15,24,0,0
6549,Bridlegrove Daycare Centre,Non-Profit,0,15,40,0,0
6551,Beechgrove Sunshine Child Care,Non-Profit,10,23,48,0,40
6553,Fairmount Sunshine Child Care,Non-Profit,0,0,24,26,60
6555,Simcoe Sunshine Child Care (166 Sylvan Avenue),Non-Profit,0,0,24,26,60
6557,Sunshine Child Care Centre (Mackie Sunshine C C. Inc) - 60 Heathfield,Non-Profit,0,0,0,13,30
6559,Holland-Bloorview Kids Rehab. (Scarborough Site),Non-Profit,0,0,16,0,0
6563,After Four Children's Enrichment Program,Non-Profit,0,0,0,0,60
6571,Banting And Best Child Care Centre (380 Goldhawk),Non-Profit,0,0,32,26,60
6573,Charlottetown Blvd. Childcare Centre,Non-Profit,0,15,48,13,30
6575,Chartland Child Care Inc,Non-Profit,0,0,24,26,60
6577,Cheer Day Care Centre,Non-Profit,0,15,32,0,0
6583,Good Shepherd Day Care Centre,Non-Profit,0,10,32,0,15
6587,Meadowvale Daycare Centre,Non-Profit,0,0,16,13,30
6593,St. Crispins Day Care Centre,Non-Profit,0,10,14,0,30
6597,Dearham Wood Daycare,Non-Profit,0,0,24,26,60
6608,Holland-Bloorview Kids Rehab. - (Play & Learn Nursery),Non-Profit,0,15,16,0,0
6616,Rosedale Moore Park Association/Mooredale Preschool - Coach House,Non-Profit,0,0,38,23,0
6620,Shaawnong Aboriginal Head Start,Non-Profit,0,0,16,0,0
6624,Kids Club (Day Care Connection),Non-Profit,0,0,0,26,92
6628,North Yonge Child Care,Commercial,10,15,0,0,0
6630,North Yonge Child Care 2,Commercial,0,0,32,0,0
6632,A Place To Play Nursery School Of Bloor West Village,Non-Profit,0,0,16,0,0
6638,Miles Nadal Community Centre Nursery School,Non-Profit,0,30,52,37,70
6640,Bloor West Nursery School,Non-Profit,0,0,16,0,0
6648,Community Centre 55 - Children Services (97 Main Street),Non-Profit,0,0,24,0,0
6652,Dover Gardens Nursery School,Non-Profit,0,0,16,0,0
6660,The Clover School,Commercial,0,20,94,0,0
6674,Leroux Froebel Bilingual School,Commercial,10,15,23,19,27
6676,Little Tots' Manor,Commercial,10,37,28,0,0
6682,McMurrich Co-Operative Playschool,Non-Profit,0,0,16,0,0
6686,Montessori For Children (St. Clair) Inc,Commercial,0,0,48,0,0
6690,Sisters Of Our Lady Of Mount Carmel,Non-Profit,10,15,48,13,15
6692,My School Co-Op Nursery School,Non-Profit,0,0,22,0,0
6697,Oriole Nursery School,Non-Profit,0,0,31,0,0
6703,Sadochok Preschool Centre,Non-Profit,0,10,46,0,0
6705,The Scott Mission Child Care Centre,Non-Profit,10,15,16,0,0
6709,St. Alban's Boys And Girls Club Preschool,Non-Profit,0,25,44,0,0
6711,St. Clement's Early Learning School,Commercial,0,0,55,0,0
6713,Stepping Stones Day Nursery,Commercial,0,15,24,0,0
6715,The Creative Preschool Of East Toronto,Non-Profit,0,0,44,0,22
6719,Ranleigh Rascals,Non-Profit,0,0,16,50,110
6723,Time For Play Nursery School,Non-Profit,0,0,16,0,0
6731,Ukrainian Co-Op Nursery School,Non-Profit,0,15,20,13,0
6744,Toronto Hebrew Congregation/Holy Blossom Temple Preschool,Non-Profit,0,35,48,0,0
6746,Humbercrest Nursery School,Non-Profit,0,0,14,0,0
6752,St. Bernadette's Family Resource Centre,Non-Profit,0,10,16,0,30
6777,Huron Playschool Co-Operative,Non-Profit,0,0,16,0,0
6789,Banting And Best Schoolage Satellite(255 Alton Towers),Non-Profit,0,0,0,13,30
6809,Yes I Can Nursery School,Non-Profit,0,0,24,0,0
6860,Gibraltar Point Day Nursery Inc.,Non-Profit,0,0,16,0,0
6899,Rosedale Moore Park Association/Mooredale Preschool - Main House,Non-Profit,0,15,16,0,0
6953,Rene Gordon School Age Ymca,Non-Profit,0,0,0,13,30
7055,York Mills Child Care Centre,Commercial,10,20,40,0,0
7108,Phoenix Montessori School Inc.,Commercial,10,26,13,76,0
7111,Bowmore,Non-Profit,0,0,37,52,0
7230,Hillside Montessori School,Commercial,0,0,24,0,0
7236,Ikebata Nursery School,Commercial,0,15,32,20,0
7382,Centennial Infant And Child Centre,Non-Profit,0,0,32,0,0
7491,Learning Garden Childcare,Commercial,0,14,46,0,0
7505,The Rec Room Before & After School Program,Commercial,0,0,24,48,108
7528,My Little School,Commercial,10,15,24,0,20
7549,Plasp St. Pius X Catholic School,Non-Profit,0,0,0,13,30
7652,Friendly Little Campus Daycare 2,Commercial,20,30,32,0,0
7689,Rawlinson B & A School Program,Non-Profit,0,0,0,78,90
7693,King George B & A School Program,Non-Profit,0,0,0,26,60
7699,Weston Memorial B & A School Program,Non-Profit,0,0,0,13,15
7708,Garderie La Farandole - Pierre Elliott Trudeau,Non-Profit,0,10,24,39,60
7712,Scarborough Citadel Child Care,Non-Profit,10,15,24,0,0
7766,Maplewood Before And After School Care,Non-Profit,0,0,0,0,90
7818,Ascot Avenue Community Day Care,Non-Profit,0,0,0,65,105
7939,Plasp Holy Angels Catholic School,Non-Profit,0,0,0,13,30
7978,Future Stars Child Care Centre,Commercial,0,0,24,0,28
7981,Petite Maison Montessori,Commercial,0,15,48,0,0
7987,Broadlands School Age Program Ymca,Non-Profit,0,0,0,13,45
8162,Growing Tykes Child Care,Non-Profit,30,40,72,0,0
8163,Parkdale Early Learning Centre - CDI - 119 Close Ave.,Non-Profit,10,15,24,0,0
8168,St. Robert School Age Ymca,Non-Profit,0,0,0,26,30
8169,Carousel Child Care Development Centre,Commercial,0,14,32,0,0
8198,Play And Grow Child Care Centre,Non-Profit,0,0,0,26,45
8200,Avalon Children's Montessori School,Commercial,0,0,31,0,0
8205,Montessori Jewish Day School Of Toronto,Non-Profit,0,30,22,23,0
8258,Apple Day Care Centre,Commercial,6,10,24,0,15
8477,Birchmount Bluffs Neighbourhood Centre Community Nursery School,Non-Profit,0,0,16,0,0
8570,Kids Zone Daycare Inc.,Commercial,0,15,36,0,0
8703,"St. Bartholomew's Children's Centre, Regent Park Inc.",Non-Profit,0,0,0,0,30
8743,Muppets Children's Centre 316,Commercial,6,20,0,0,0
8823,Grace Christian School - Day Nursery,Non-Profit,10,25,56,0,0
8826,Plasp Islington Junior Middle School,Non-Profit,0,0,0,26,54
8827,Plasp St. Elizabeth Catholic School,Non-Profit,0,0,0,0,30
8905,Rhyme & Reason Day Care,Commercial,0,10,26,0,20
8929,N.Y.A.D. Midland,Non-Profit,10,20,24,0,0
9017,Northwest Childhood Learning Centre,Commercial,0,15,32,0,0
9240,Finch Business Park Child Care,Commercial,20,30,48,0,0
9294,Le Petit Chaperon Rouge - Coxwell,Non-Profit,6,15,48,0,0
9320,Plasp St. Cecilia Catholic School,Non-Profit,0,0,0,26,75
9330,Garderie Mon Petit Jardin,Non-Profit,6,10,16,26,45
9373,Head Start Montessori,Commercial,10,30,24,0,0
9433,Yorktown Montessori School,Commercial,0,0,35,0,0
9444,Lullaboo Nursery And Childcare Center - Bedford Campus,Commercial,10,26,24,0,0
9456,Wilmington Best Schoolage Satellite Centre,Non-Profit,0,0,0,0,30
9462,St. Vincent Sunshine,Non-Profit,0,0,0,20,30
9465,Mackie Sunshine Childcare Inc. - St. Denis Sunshine,Non-Profit,0,0,0,0,30
9467,The Village Shul And Learning Centre Of Toronto,Non-Profit,0,30,40,0,0
9470,Norseman Jr Ymca,Non-Profit,0,0,16,0,0
9471,Norseman School Age Program (Ymca),Non-Profit,0,0,0,78,120
9536,Pineway Child Care Learning Center,Non-Profit,0,15,48,26,30
9540,Bruce Woodgreen Early Learning Centre,Non-Profit,0,15,24,52,60
9573,Teddy Bear Educare Advance,Commercial,0,15,48,0,0
9595,City Kids Early Learning & Child Care Centre,Public (City Operated) Agency,10,20,32,0,0
9607,Children's Magic Moments Child Care And Nursery School,Commercial,10,15,24,0,0
9608,Sunnyside Day Care - Roncesvalles,Commercial,10,45,32,0,0
9633,Treasured Moments - Bloor,Commercial,10,20,48,0,0
9658,Network Child Care Services - Wade Avenue Centre,Non-Profit,0,15,24,0,0
9679,Mackie Sunshine Child Care Inc.St. Joseph's Sunshine,Non-Profit,0,0,8,0,15
9703,The Beez Kneez  Lytton Park,Commercial,0,10,28,0,0
9707,Growing Tykes Learning Centre (Dundas Street West),Non-Profit,20,35,64,0,0
9741,University Of Toronto Early Learning Centre - Glen Morris,Non-Profit,10,30,56,0,0
9742,University Of Toronto Early Learning Centre - O.I.S.E.,Non-Profit,0,10,16,0,0
9764,Childspace Day Care Corporation # 3 (49 Felstead Avenue),Non-Profit,10,20,32,0,0
9768,University Of Toronto Childcare On Charles,Non-Profit,10,15,40,0,0
9780,Boulton Avenue Child Care Centre,Non-Profit,10,15,47,0,0
9800,Central Montessori Schools - York Mills Campus,Commercial,20,71,144,0,0
9815,Kids & Company - Bloor Street Site,Commercial,20,25,32,0,0
9847,Kids & Company - Front Street Site,Commercial,9,19,24,10,0
9916,Broad View French Montessori School,Commercial,0,14,19,0,0
9928,Don Mills Children's Centre,Commercial,6,10,16,0,0
9939,Woodgreen Community Services (The)(Debbie Yeung Child Care Centre),Non-Profit,10,25,24,0,0
9965,Martin Luther Child Care - Lakeshore,Non-Profit,0,0,16,0,30
9989,Prodigy Learning Centre,Commercial,0,10,24,0,0
9995,Abacus Montessori Learning Centre,Commercial,0,13,24,0,0
10017,Midland Child Care Centre,Non-Profit,0,15,48,0,0
10066,St. George Mini School Inc - Bond,Non-Profit,0,10,40,0,0
10104,Macaulay - Jane Street Child Care Centre,Non-Profit,10,20,32,0,0
10161,Three R's Early Learning Centre,Commercial,0,0,24,0,0
10166,Network Child Care Services - Metamorphosis Child Care Centre,Non-Profit,0,15,24,0,0
10170,Manor Montessori School Inc - 14 De Savery Crescent,Commercial,0,0,92,0,0
10180,Plasp - David Hornell Junior School,Non-Profit,0,0,0,13,30
10192,Broad View French Montessori School II Limited,Commercial,0,10,24,0,0
10203,Plasp St Eugene Catholic School,Non-Profit,0,0,0,26,90
10219,Wellesley Early Learning Centre - Earlscourt Creche CDI,Non-Profit,10,20,32,0,0
10245,St. Nicholas Child Care Centre - Network,Non-Profit,10,20,32,0,0
10270,Denton Place Centres For Early Learning Inc.,Commercial,10,20,40,0,30
10335,Leaside Children's House,Commercial,0,10,31,0,0
10337,Friendly Little Campus (2037711 Ontario Ltd),Commercial,10,10,16,0,0
10338,Kids & Company - Finch Site,Commercial,10,25,30,0,0
10347,Lily's House Inc.,Commercial,0,15,0,0,0
10396,Garderie La Farandole Felix-Leclerc,Non-Profit,0,0,24,26,30
10418,Eyet Early Learning Centre (Annies Place),Non-Profit,0,0,16,52,90
10432,Absorbent Minds (Op: 1756925 Ontario Inc.),Commercial,0,10,11,30,0
10439,Central Montessori Schools - Willowdale Campus,Commercial,0,14,48,0,0
10442,St. Sylvester Child Care Centre,Non-Profit,0,10,16,13,30
10443,Macaulay Child Development Centre - Dovercourt Child Care Centre,Non-Profit,0,10,16,52,45
10444,Alexander Muir Gladstone Jr Ymca,Non-Profit,10,15,24,52,30
10450,Bluebird Montessori School South,Commercial,0,13,23,0,30
10459,C.A.S.P. Catholic After School Program,Non-Profit,0,0,0,0,30
10462,Plasp Transfiguration Of Our Lord Catholic School,Non-Profit,0,0,0,13,30
10468,Gerrard Early Learning Centre,Non-Profit,17,23,16,0,0
10476,Casa Vera Montessori School,Commercial,0,15,20,0,0
10477,The Divine Infant Child Care Centre,Non-Profit,0,10,24,26,30
11593,Ywca Bergamot Early Learning,Non-Profit,10,20,32,0,0
11598,C.D.Farquharson Jr Ymca,Non-Profit,0,0,24,26,60
11601,Chester Le Early Learning & Child Care Centre,Public (City Operated) Agency,10,20,32,0,0
11606,Epiphany Of Our Lord Jr Ymca,Non-Profit,0,0,16,26,30
11609,Firgrove Satellite Early Learning & Child Care Centre,Public (City Operated) Agency,0,0,24,0,0
11622,Immaculate Conception Child Care Centre,Non-Profit,10,15,16,39,45
11623,Red Apple Day Care - St John XXIII,Non-Profit,0,15,24,52,72
11629,Woodgreen Community Services (Leslieville Child Care),Non-Profit,0,0,16,39,30
11643,Shirley Street Jr Ymca,Non-Profit,0,15,32,26,30
11644,Sir Samuel B Steele Jr Ymca,Non-Profit,0,10,24,26,30
11645,Network Child Care Services - St. Aidan Early Learning Centre,Non-Profit,10,15,16,0,0
11646,St. Andrew Child Care Centre,Non-Profit,10,15,16,26,15
11651,St. Boniface Jr Ymca,Non-Profit,0,5,8,13,30
11657,St. Francis De Sales Jr Y,Non-Profit,0,10,16,26,30
11663,St. Jerome Jr Ymca,Non-Profit,0,10,16,26,45
11665,St. Joseph Jr Ymca,Non-Profit,0,0,16,20,15
11668,Plp Early Learning At St. Mark,Non-Profit,0,15,40,26,30
11669,East Scarb. Child Care Centre - East Scarb. Boys & Girls Club,Non-Profit,0,15,16,52,60
11672,St. Paschal Baylon,Non-Profit,0,0,16,13,30
11673,Eyet Early Learning Centre (Tom's Place),Non-Profit,0,10,16,26,0
11676,St. Roch Child Care Centre,Non-Profit,10,10,16,13,30
11677,St. Rose Of Lima Ymca Child Care,Non-Profit,0,10,16,26,60
11692,Our Lady Of Grace Jr Ymca,Non-Profit,0,0,24,0,15
11719,Tiki's Day Care Centre,Commercial,0,15,48,0,0
11720,Woodgreen Community Services (Enderby Child Care),Non-Profit,10,20,32,0,0
11727,Dian Childcare Centre Inc.,Non-Profit,0,10,16,0,0
11731,Downtown Montessori At Concord City Place,Non-Profit,12,20,32,0,0
11753,Network Child Care Services - St. Gabriel Lalemant,Non-Profit,0,15,16,0,0
11759,St. Dorothy Child Care Centre,Non-Profit,0,10,16,13,30
11767,"Downtown Kids Academy, Inc.",Commercial,6,20,24,0,0
11772,Thorncliffe Park Day Care Centre,Non-Profit,10,10,32,0,0
11785,Heritage Child Care & Early Learning Centre,Non-Profit,0,10,24,0,15
11787,Winchester Site Day Care (Central Neighbourhood House),Non-Profit,0,0,24,52,30
11809,Kreative Kids Child Care Centre,Non-Profit,0,10,16,26,30
11818,Distillery District Early Learning Centre,Commercial,0,40,40,0,0
11820,All About Kids Sheppard,Commercial,10,30,24,0,0
11821,Kids & Company - Consumers Site,Commercial,20,30,48,0,0
11842,San Romanoway Boys & Girls Club,Non-Profit,0,0,0,0,35
11887,Odyssey Montessori School Incorporated,Commercial,0,0,64,0,0
11901,Playland Ltd  - Daycare Centre,Commercial,0,0,18,0,0
11907,Garfield Avenue Children's Circle,Non-Profit,0,0,0,26,30
11909,Community Centre 55 - Kimberly Public School,Non-Profit,0,0,0,52,105
11912,High Park Early Learning Centre,Non-Profit,10,25,32,0,0
11916,Uptown Yonge Preschool & Child Development Centre,Commercial,0,0,32,0,30
11928,La Maison Du Dodo,Commercial,0,10,15,0,0
11930,Waterclub Jr Ymca,Non-Profit,10,10,32,0,0
11937,All My Children Child Care,Commercial,0,15,24,0,21
11951,Chabad Of Midtown - Bathurst,Non-Profit,0,51,81,0,0
11969,Kids & Company Etobicoke,Commercial,10,25,39,0,0
11988,Brightpath Academy - Wanless Park (18),Commercial,10,10,28,0,0
12012,Brookside Child Care Centre,Non-Profit,10,10,24,26,30
12062,Windermere Early Learning Centre,Non-Profit,10,15,32,0,0
12063,Downtown Montessori At Infinity Place (Day Care Connection),Non-Profit,10,15,40,0,0
12065,St.Ambrose Ymca,Non-Profit,0,0,0,26,45
12066,Graydon Hall Child Care Services In Don Valley Business Park,Commercial,20,32,40,0,0
12067,Little Acorns Montessori School,Commercial,0,0,16,0,0
12068,Jingbao Bilingual Children's Centre,Non-Profit,0,15,24,26,30
12073,Bright Minds Childcare & Montessori School,Commercial,0,5,24,0,0
12074,Enjoy Learning Centre,Commercial,0,0,0,0,45
12075,Kew Park Montessori Day School Inc. (Hiawatha Road),Commercial,0,0,48,0,0
12084,Thorncliffe Park School Age Day Care Centre,Non-Profit,0,0,0,0,81
12092,Pinnacle Jr Ymca,Non-Profit,10,15,24,0,0
12108,Mindwerx 4 Kids Learning Centre,Non-Profit,0,10,32,5,6
12109,Kids Club Daycare & Learning Centre (Op: Aaa Childrens Inc.),Commercial,10,10,56,18,15
12110,Kids Zone Daycare On Constance,Commercial,0,15,20,0,0
12124,Native Child & Family Life Centre - 156 Galloway,Non-Profit,10,10,16,20,0
12129,Angelgate Daycare Inc.,Commercial,0,0,14,26,30
12180,Rippleton Roadsters Satellite Program,Non-Profit,0,0,0,52,90
12200,Le Petit Chaperon Rouge - Queensdale,Non-Profit,0,0,24,104,120
12207,Little Tots' Manor 2,Commercial,0,0,36,0,0
12212,Lycee Francais De Toronto,Non-Profit,0,0,22,0,0
12213,Columbus Early Learning Centres,Non-Profit,0,30,44,0,0
12216,Big Bears Daycare,Commercial,10,15,32,0,0
12219,West End Parents Day Care Satellite,Non-Profit,0,0,0,52,60
12220,Sunny Faces Day Care Centre - St. Benedict Site,Non-Profit,0,0,0,26,50
12226,Plasp James Culnan Catholic School,Non-Profit,0,0,0,13,45
12227,Rolph Road - Leaside Day Care Centres (St. Anselm),Non-Profit,0,0,0,20,35
12228,Norway School Age Ymca,Non-Profit,0,0,0,39,45
12261,Westside Montessori School,Commercial,0,25,48,0,0
12268,"Victoria Education Centre, Montessori & Child Care",Non-Profit,0,10,37,0,0
12273,Purple Tree Child Care Inc.,Commercial,0,15,30,0,16
12305,Curlew Montessori School,Commercial,0,10,48,0,0
12308,Brightpath Academy - Wanless Park (20),Commercial,0,20,16,0,0
12309,Green Apple Kids,Commercial,10,40,80,0,0
12333,Jingbao Bilingual Children's Centre - Scarborough,Non-Profit,0,0,24,44,0
12335,Children's Garden Junior School - Early Start,Commercial,0,0,32,0,0
12336,Macaulay - Warren Park Child Care Centre,Non-Profit,0,0,24,26,45
12337,Three R's Schoolhouse Inc.,Commercial,0,15,48,0,30
12338,Teddy Bear Academy,Commercial,10,25,24,0,0
12353,Munchkinz Preschool Inc. (2193117 Ontario Inc.),Commercial,0,0,31,0,0
12373,Prosserman Jewish Community Centre,Non-Profit,10,60,120,52,0
12385,Cole Street Early Learning & Child Care Centre,Public (City Operated) Agency,10,20,32,0,0
12386,Follow The Child,Commercial,0,13,18,0,15
12387,Little Learners Academy Inc.,Commercial,0,15,24,13,0
12397,Kinder College Early Learning Centre,Commercial,20,30,47,0,0
12399,Plasp Nativity Of Our Lord Catholic School,Non-Profit,0,0,0,13,15
12409,Treasured Moments - Burnhamthorpe,Commercial,10,15,61,0,0
12661,"Eyet Early Learning Centre,  Crescent Town Elementary School",Non-Profit,0,15,24,52,60
12700,First Stage Child Care Centre - Highfield,Non-Profit,0,10,24,0,0
12719,Jingbao (Downtown) Bilingual Children's Centre (96 Denison Avenue),Non-Profit,0,15,24,26,0
12734,Rexdale Women's Centre Nursery,Non-Profit,0,5,8,0,0
12735,Boardwalk Montessori School Inc.,Commercial,0,10,47,0,0
12737,Annex Montessori School,Commercial,0,20,48,0,0
12772,Heart Beatz Child Care - Solaris Site,Non-Profit,10,20,16,0,0
12778,Curious Caterpillars - College View,Commercial,10,15,24,0,0
12787,Creative Minds Montessori Academy,Commercial,6,15,48,0,16
12791,Trust Child Care Inc.,Commercial,30,45,63,12,0
12797,Brightpath Academy - Davisville Village,Commercial,10,40,48,0,0
12798,Agape Christian Montessori School (2236800 Ontario Inc.),Commercial,0,10,32,0,0
12805,Little Footsteps Childcare Inc.,Commercial,0,20,28,26,30
12835,Teach Me To Fly Preschool,Commercial,14,25,16,0,0
12836,Windermere Kids Inc.,Commercial,10,15,48,0,0
12844,La Petite Ecole,Commercial,0,0,16,0,0
12860,Kids & Company Ltd. - Bloor Christie,Commercial,10,30,16,0,0
12862,Yonge-Churchill Child Care Centre,Non-Profit,10,30,48,26,30
12869,All About Kids Inc. (1055 Gerrard Street East),Commercial,10,15,37,20,0
12887,Precious Blood  Jr Ymca Elp,Non-Profit,0,0,0,26,30
12888,Dewson Street Ymca,Non-Profit,0,0,0,39,75
12892,Network Childcare Services - Holy Cross,Non-Profit,0,0,0,26,60
12894,Holy Family Childcare Centre-Queen Victoria,Non-Profit,0,0,0,0,25
12897,Toronto Woods Daycare,Commercial,0,14,21,0,0
12899,Centre De La Petite Enfance - Les Amis Du Monde,Non-Profit,10,15,24,52,80
12903,Montessori Start Inc,Commercial,10,15,17,21,0
12906,Smart Start Montessori School (1416786 Ontario Limited),Commercial,0,10,39,0,0
12917,George Brown - Nelson Mandela Child Care Centre,Non-Profit,10,25,32,52,60
12922,St. George Mini School - Mallard,Non-Profit,10,15,32,0,0
12923,Monarch Park Montessori Inc.,Commercial,0,15,40,0,0
12929,Blue Butterfly Montessori School Inc.,Commercial,0,23,39,0,0
12935,Kidz Kare,Non-Profit,0,25,56,0,15
12938,Plasp Mother Cabrini Catholic School,Non-Profit,0,0,0,0,30
12941,The Orchard Montessori School,Commercial,0,0,40,0,30
12955,Kingston Road East Early Learning And Child Care Centre,Public (City Operated) Agency,10,20,24,0,0
12981,Islington Village Childcare Centre,Commercial,20,30,40,0,0
12988,Ola Day Care Inc.,Commercial,0,15,21,0,0
12989,St. Wilfred Ymca,Non-Profit,0,0,0,26,30
12990,John English Ymca,Non-Profit,0,0,0,26,30
12991,St. Timothy Ymca Child Care,Non-Profit,0,0,0,26,45
12992,N.Y.A.D. Cedar Drive,Non-Profit,0,0,0,13,30
12993,N.Y.A.D. Mason Road,Non-Profit,0,0,0,26,30
13000,Heritage Child Care & Early Learning - Milliken Site,Non-Profit,0,0,0,26,45
13001,Fraser Mustard Early Learning Centre,Non-Profit,20,20,48,60,0
13002,Rosethorn Before And After School Program,Non-Profit,0,0,0,39,90
13005,Le Petit Chaperon Rouge - Richview,Non-Profit,6,15,24,26,60
13007,Community Centre 55 -Ted Reeves Arena,Non-Profit,0,15,24,0,0
13012,Top Mandarin Day Care Centre,Commercial,0,25,24,0,0
13016,Gan Shalom Preschool (Op: Chabad On The Avenue),Non-Profit,0,40,56,16,0
13028,Garderie Du Cercle De L'Amitie - Etobicoke,Non-Profit,0,10,16,26,30
13045,Our Lady Of Victory School Age Ymca,Non-Profit,0,0,0,26,60
13050,Brightpath Academy -- The Beach,Commercial,20,45,46,0,0
13063,Liberty Preparatory School Inc.,Commercial,0,15,24,0,0
13066,Sunnyside - Keele,Commercial,10,15,8,0,0
13070,Caterpillar & Co,Commercial,10,25,24,0,0
13073,Petite Luminaries Childcare,Commercial,20,30,39,0,0
13079,Westown Early Learning And Child Care Centre,Public (City Operated) Agency,10,10,16,0,0
13094,Castle Park Playschool,Commercial,0,0,0,20,34
13104,General Mercer Early Learning Centre,Non-Profit,10,15,24,26,30
13105,St. Marcellus Early Learning Centre,Non-Profit,0,0,16,13,30
13109,Perth Avenue Early Learning Centre,Non-Profit,0,15,24,78,75
13110,Carleton Village Early Learning Centre,Non-Profit,10,15,16,52,60
13111,St. Fidelis Early Learning Centre,Non-Profit,0,0,24,26,30
13120,St. Edward Ymca,Non-Profit,0,0,0,26,30
13122,Indian Road Crescent School Age Ymca,Non-Profit,0,0,0,39,75
13123,Forest Manor Ymca,Non-Profit,0,0,0,39,60
13124,Network Child Care Services - St. Maria Goretti,Non-Profit,0,0,0,13,45
13126,Plasp Kingsview Village Junior School,Non-Profit,0,0,0,13,30
13127,Plasp James S Bell Junior Middle School,Non-Profit,0,0,0,13,30
13129,St. Brendan Kindergarten Before & After School Program,Non-Profit,0,0,0,39,0
13130,Parkdale Childcare Centre,Non-Profit,0,15,22,52,60
13131,Daystrom Childcare Centre,Non-Profit,0,0,0,26,45
13132,Rainbow's End Day Care Satellite,Non-Profit,0,0,0,26,30
13133,Community Centre 55-Adam Beck,Non-Profit,0,0,0,52,120
13136,Growing Tykes Learning Centre,Non-Profit,0,0,0,26,30
13144,Le Petit Chaperon Rouge - Jones,Non-Profit,0,30,46,52,0
13145,Garderie Du Soleil Levant,Non-Profit,10,15,24,26,30
13146,Les Merveilles Du Monde,Non-Profit,0,15,24,52,60
13162,Absorbent Minds 2,Commercial,0,0,24,0,0
13163,Aspiring Academics Preschool Inc.,Commercial,6,9,16,0,0
13164,Vincent Massey Childcare Center (521909 Ontario Ltd.),Commercial,0,40,72,0,0
13176,Odyssey Montessori School,Non-Profit,0,10,47,0,0
13180,Angelgate Daycare Ltd. 230 Jane Street,Commercial,0,15,0,0,9
13181,Angelgate Daycare Ltd. 232 Jane Street,Commercial,0,0,16,0,0
13182,Brightpath Academy - Leaside,Commercial,20,33,54,0,0
13183,Mighty Kids,Commercial,6,15,22,0,0
13189,Play Loft,Commercial,0,15,48,24,30
13191,Curious Caterpillars - Petman Avenue,Commercial,20,25,32,0,0
13216,Weybourne School,Commercial,0,0,11,0,0
13218,Brightpath Eglinton,Commercial,20,45,96,0,0
13221,Parkway Forest Ymca,Non-Profit,10,30,40,0,0
13222,Montessori Education Centre,Commercial,0,5,24,0,0
13236,Engaging Minds Child Care,Commercial,10,15,16,0,0
13241,Kids & Company Scotia Plaza,Commercial,10,30,24,0,0
13242,Oakridge Junior  Playcare,Non-Profit,0,0,0,26,30
13244,Kreative Kids Terry Fox,Non-Profit,0,0,0,13,30
13246,Beverly Glen Ymca,Non-Profit,0,0,0,26,30
13247,Heart Beatz - Halbert Child Care Site,Non-Profit,0,0,0,26,60
13250,Alvin Curling Ymca,Non-Profit,0,0,0,13,30
13251,Percy Williams Ymca,Non-Profit,0,0,0,26,30
13253,Plasp North Bridlewood Junior Public School,Non-Profit,0,0,0,13,15
13254,Plasp Inglewood Heights Junior Public School,Non-Profit,0,0,0,13,30
13256,Plasp Blythwood Junior Public School,Non-Profit,0,0,0,13,45
13257,Unicorn Day Care Centre,Non-Profit,0,15,24,0,0
13285,Tiny Explorers Academy Inc,Commercial,10,30,40,0,0
13286,Sunshine Kids,Commercial,0,0,40,20,14
13287,Yeshivat Yesodei Hatora,Non-Profit,0,0,142,0,0
13295,Chabad Of Midtown - St Clair,Non-Profit,10,61,48,0,0
13304,Vedic Roots Montessori Academy (Scarborough),Non-Profit,0,10,22,0,0
13310,Bluebird Montessori School (Mini),Commercial,10,45,0,0,0
13311,Dr Eric Jackman Institute Of Child Study Laboratory School Nursery,Non-Profit,0,0,20,0,0
13317,Waldorf Academy Childcare Centre,Non-Profit,0,24,21,0,0
13318,Brookhaven Child Care -  St. Bernard Site,Non-Profit,0,0,0,52,45
13324,Taddle Creek Montessori School,Commercial,0,0,0,109,0
13325,Waldorf Academy Childcare Centre-Madison,Non-Profit,0,0,27,0,0
13329,High Park Gardens Montessori School,Commercial,0,15,0,97,0
13337,Bayview Glen,Non-Profit,0,30,48,0,0
13338,The Mildenhall School,Commercial,0,0,0,76,0
13339,Viva Kids Academy,Commercial,10,30,62,0,0
13340,Lullaboo Nursery And Childcare Center - Avenue Campus,Commercial,10,35,64,0,0
13344,Tfs Canada's International School (Mildenhall Branch),Non-Profit,0,0,50,0,0
13345,Jardin D'Eveil,Non-Profit,0,30,0,0,0
13346,The Laurel School,Commercial,0,15,32,0,0
13347,Netivot Hatorah - South Campus,Non-Profit,0,15,20,44,0
13388,Bannockburn School,Non-Profit,0,30,80,0,0
13415,Bais Yaakov Elementary School,Non-Profit,10,15,72,0,0
13427,Maria Montessori School Young Children's Community,Commercial,0,24,23,26,0
13444,Ars Nursery School - Armenian Community Centre,Non-Profit,0,30,44,0,0
13449,Posluns Education Centre,Non-Profit,0,0,72,72,0
13451,Northwood Montessori,Commercial,0,10,36,0,0
13452,Eitz Chaim Schools Vm,Non-Profit,0,30,46,0,0
13454,La Citadelle International Academy Of Arts & Science,Non-Profit,0,0,24,0,0
13463,Early Years Education System (E.Y.E.S),Commercial,10,22,23,0,13
13469,The Giles School,Non-Profit,0,2,11,0,0
13478,Riverdale Mighty Kids Corp,Commercial,10,15,24,0,0
13495,Torah Tots South,Non-Profit,0,10,16,0,0
13496,Liberty Prep Parliament,Commercial,0,25,10,0,0
13500,Enquiring Minds Montessori,Commercial,0,29,64,0,0
13501,Blessed Pier Giorgio Frassati Extended Day Program,Non-Profit,0,0,0,26,30
13502,Wexford Extended Day And School Age Program,Non-Profit,0,0,0,13,30
13503,Sprucecourt Child Care Centre,Non-Profit,0,0,0,26,30
13504,Children Of Tomorrow,Non-Profit,10,10,16,0,0
13505,Our Lady Of Fatima Ymca,Non-Profit,0,0,0,26,60
13506,Apple Jacks Preschool,Commercial,0,11,24,12,0
13508,Garderie Chez Tante Laure 2,Non-Profit,0,10,24,52,30
13509,Our Lady Of Wisdom Ymca,Non-Profit,0,0,0,26,30
13510,Plasp St. Conrad Catholic School,Non-Profit,0,0,0,13,30
13524,Ascot Avenue Community Daycare,Non-Profit,10,10,16,0,0
13525,Grand Avenue Montessori School - 600,Commercial,0,12,14,0,0
13526,Grand Avenue Montessori School - 602,Commercial,0,0,32,0,0
13527,Little Angels Childcare Learning Centre,Commercial,10,30,45,0,0
13537,The Munchkin Manor Daycare & Early Learning Centre,Commercial,10,25,39,0,0
13542,Jubilee Child Care Centre,Non-Profit,10,20,32,0,0
13543,Network Child Care Services - Dane Avenue Child Care Centre,Non-Profit,10,20,32,0,0
13546,Hawthorn School Day Care,Non-Profit,0,7,7,0,0
13547,Monarch Manor,Commercial,10,15,32,0,0
13548,Blossoming Minds Learning Centre Inc.,Commercial,10,40,86,26,0
13550,Robbins Hebrew Academy,Non-Profit,0,0,48,0,0
13551,Blue Bell Academy Inc.,Commercial,0,10,16,0,0
13556,Club Abc (Abc Academy Queen B & A),Commercial,0,0,0,26,45
13564,Kids & Company St Andrews,Commercial,6,15,16,0,0
13584,Score Day Camp,Commercial,0,0,88,0,0
13586,William G. Davis Kindergarten Extended Care Program,Non-Profit,0,0,0,26,0
13587,West Rouge Kindergarten Extended Care Program,Non-Profit,0,0,0,26,0
13588,Charlottetown Kindergarten Extended Care Program,Non-Profit,0,0,0,26,0
13589,George Brown - Elmlea,Non-Profit,0,0,0,26,30
13590,Danforth Gardens Playcare,Non-Profit,0,0,0,26,30
13593,Castlebar Ymca,Non-Profit,0,0,0,26,45
13595,St. Leo Ymca,Non-Profit,0,0,0,26,30
13596,Plasp Parkfield Junior School,Non-Profit,0,0,0,13,30
13597,Plasp St. Norbert Catholic School,Non-Profit,0,0,0,13,30
13599,Plasp Bennington Heights Ps,Non-Profit,0,0,0,13,30
13600,Plasp St Matthias Catholic School,Non-Profit,0,0,0,0,30
13601,Plasp Blessed Sacrament C.S.,Non-Profit,0,0,0,13,45
13603,Terraview-Willowfield Extended Day Program,Non-Profit,0,0,0,0,30
13608,Clairlea Child Care Centre,Non-Profit,0,0,0,26,30
13610,Network - St Agatha,Non-Profit,0,0,0,26,60
13611,Macaulay - Fh Miller Child Care Centre,Non-Profit,0,0,0,26,45
13613,Family Day Kennedy Extended Day & School Age Program,Non-Profit,0,0,0,26,30
13614,Plasp Lanor Junior Middle School,Non-Profit,0,0,0,13,27
13615,Plasp Twentieth Street Junior School,Non-Profit,0,0,0,13,15
13616,Buchanan Extended Day & School Age Program,Non-Profit,0,0,0,0,30
13617,Silver Springs Extended Day & School Age Program,Non-Profit,0,0,0,26,30
13618,Willowbrae Academy Bayview Village,Commercial,9,38,55,0,0
13619,Beaches Montessori School Incorporated,Commercial,0,30,24,0,0
13620,Bumble Bee Academy,Commercial,0,15,48,0,0
13624,Tiny Bumblebees Childcare Inc.,Commercial,0,10,15,0,0
13681,Mon Petit Univers,Commercial,0,15,15,0,0
13682,Les Etoiles Brillantes - Garderie,Non-Profit,0,15,24,52,45
13713,East York Montessori School,Commercial,0,15,16,0,0
13716,Aspiring Academics Preschool - Somerset,Commercial,9,15,22,0,0
13738,Precious Ones Bilingual Preschool Corp.,Commercial,0,12,21,0,0
13752,Bluffer's Park Montessori School,Commercial,0,10,16,0,0
13756,Holy Trinity Ymca,Non-Profit,0,0,0,39,75
13761,Central Montessori Schools - Maplehurst Campus,Commercial,0,0,64,0,0
13780,Agile Innovators Montessori,Commercial,0,15,44,0,0
13782,Alphabet Treehouse Childcare Centre,Commercial,20,45,75,0,0
13783,Lullaboo Nursery And Childcare Center,Commercial,20,75,120,0,0
13802,Lynnwood Heights Junior Public School,Non-Profit,0,0,0,13,15
13806,St. Ursula Licensed Before And After School Program,Non-Profit,0,0,0,26,30
13807,St. Columba Catholic School,Non-Profit,10,15,24,26,60
13820,St Victor Catholic School Before & After Child Care Program,Non-Profit,0,0,0,26,45
13822,Annunciation Catholic School Before & After Child Care Program,Non-Profit,0,0,0,13,30
13824,Plasp Steelesview Public School,Non-Profit,0,0,0,13,30
13825,Plasp St. Albert Catholic School,Non-Profit,0,0,0,0,15
13838,Plasp Pauline Junior Public School,Non-Profit,0,0,0,13,15
13849,Network - Lansing Child Care Centre,Non-Profit,20,20,32,0,0
13850,Eco Kids-Child Care Centre Inc.,Commercial,0,30,48,0,0
13851,Humberside Montessori School,Commercial,0,0,120,0,0
13852,Absorbent Years Childcare (Montessori),Commercial,0,18,33,0,0
13854,Better Beginnings Nursery School & Kindergarten,Commercial,0,0,28,0,0
13860,Kids & Company - Rosedale,Commercial,6,20,24,0,0
13867,Alive Montessori & Private School,Commercial,0,0,24,23,0
13873,Northview Advent Child Care,Non-Profit,10,15,24,0,0
13874,St. Stephen Child Care Centre,Non-Profit,10,10,16,13,15
13875,The Learning Enrichment Foundation - St Maurice,Non-Profit,10,15,24,0,0
13876,Ymca Of Greater Toronto - St Augustine,Non-Profit,10,15,24,26,30
13879,Greenwood Montessori School,Non-Profit,5,15,32,0,0
13888,Manor Montessori School 3,Commercial,0,0,16,0,0
13893,Network Bendale Acres Child Care Centre,Non-Profit,10,15,24,0,0
13894,Macaulay - St. John The Evangelist Child Care Centre,Non-Profit,10,10,16,39,60
13902,Willowbrae Academy Etobicoke,Commercial,10,45,40,15,0
13906,Two Short Storeys,Commercial,10,30,48,0,0
13907,Big Dreams Early Learning Centre,Commercial,6,10,20,0,0
13910,Gan Sameach,Commercial,0,0,24,0,0
13918,Clearview Child Care Centre,Commercial,16,34,64,0,0
13924,The Neighbourhood Group Yonge And Sheppard Child Care Centre,Non-Profit,10,20,32,0,0
13929,Kids & Company The Stockyards,Commercial,10,25,47,0,0
13934,The Neighbourhood Group Canoe Landing Child Care,Non-Profit,10,10,32,0,0
13943,The Neighbourhood Group Canoe Landing Before And After Program,Non-Profit,0,0,0,130,150
13947,The Neighbourhood Group Community Services Our Lady Of Lourdes,Non-Profit,0,0,0,52,80
13948,Aboriginal Head Start - Epnigishmok,Non-Profit,0,0,16,0,0
13953,Kids & Company King And Highline,Commercial,20,30,24,0,0
13954,Queen's Park Child Care Centre,Non-Profit,10,30,48,0,0
13957,Discovering Minds Montessori Preschool Inc.,Commercial,0,0,37,0,0
13963,Kids & Company Queen West,Commercial,30,45,32,0,0
13982,Plasp St. Louis C.S.,Non-Profit,0,0,0,13,45
13983,Plasp Sts. Cosmas And Damian C.S,Non-Profit,0,0,0,13,30
13984,Plasp St. Simon C.S.,Non-Profit,0,0,0,13,45
13993,Columbus Early Learning Centres - St Charles,Non-Profit,0,0,0,26,45
14000,Macaulay - St. Andre Child Care Centre,Non-Profit,0,0,0,26,30
14130,Cambridge Leaf Montessori School,Commercial,0,28,30,0,0
14141,Avondale Centre For Early Development,Non-Profit,10,30,32,0,0
14142,Kinder Grove St. Clair,Commercial,10,15,16,0,0
14157,Buds And Blossoms,Commercial,0,8,16,0,24
14167,Brightpath Academy - Forest Hill,Commercial,10,30,32,0,0
14170,Top Mandarin Daycare Centre-2,Commercial,0,10,24,0,0
14195,Mothercraft Midtown Ced,Non-Profit,10,10,32,0,0
14196,Atelier Kids Inc.,Commercial,0,30,46,0,0
14199,Montessori Villa Wisdom Inc.,Commercial,0,15,32,11,0
14206,Small World Big Dreams Child Care Centre Inc.,Commercial,0,10,16,0,0
14207,Ma Premiere Ecole,Commercial,0,0,28,0,0
14208,Little Giants Childcare Centre Inc.,Commercial,0,23,35,0,0
14211,Chabad Lubavitch Of York Mills,Non-Profit,10,15,24,0,0
14212,Absorbent Years Childcare Inc,Commercial,0,10,22,0,0
14220,Village Green Child Care Centre,Non-Profit,10,20,32,0,0
14226,Manor Montessori School,Commercial,0,0,25,0,0
14227,Momentum Montessori Regent Park Inc,Commercial,0,15,47,24,0
14228,The Junior Academy,Commercial,0,8,9,0,0
14229,Blue Bell Academy,Commercial,0,20,0,0,0
14231,Eyet - Crescent Town Centre,Non-Profit,10,25,32,0,0
14239,Kodomoen Childcare Centre,Non-Profit,0,0,24,0,0
14243,The Castle Kinder Garden Inc,Commercial,0,15,26,0,0
14244,Beth Sholom First Foundations Community Preschool,Commercial,0,40,48,0,0
14245,Tiny Hoppers Park Lawn,Commercial,10,45,64,0,0
14257,Torah Tots Childcare,Non-Profit,0,30,40,0,0
14258,Macaulay - Marlee Child Care Centre,Non-Profit,10,15,24,0,0
14272,The Little Campus,Commercial,10,58,68,0,0
14274,Les Etoiles Brillantes 2,Non-Profit,0,0,0,26,30
14275,Denisa Childcare,Commercial,0,14,16,0,0
14276,Le Petit Chaperon Rouge - Scarborough,Non-Profit,10,15,24,26,30
14278,Alphabet Academy,Commercial,0,15,24,0,0
14279,Little Bugs Nursery Corporation,Commercial,0,10,18,0,0
14280,Mtt Davisville (10730041 Canada Inc),Commercial,0,10,13,0,0
14283,Alphabet Station,Commercial,10,20,24,0,0
14284,Learning Jungle Buttonwood,Commercial,10,30,48,0,0
14288,Macaulay - Mountview Child Care Centre,Non-Profit,0,0,0,26,30
14289,Columbus Early Learning - St Raphael,Non-Profit,0,0,0,26,60
14291,Leonardo Da Vinci Academy Of Arts & Science,Non-Profit,0,0,32,0,0
14292,The Neighbourhood Group Lord Lansdowne Child Care,Non-Profit,0,0,0,52,75
14294,Beaches Montessori School South,Commercial,0,15,16,0,0
14296,Tiny Explorers Academy,Commercial,20,50,64,0,0
14297,Lullaboo Childcare Center (College),Commercial,20,75,48,0,0
14299,Kiddiekidz Child Care,Commercial,0,10,16,0,27
14300,St. George Mini School Inc,Non-Profit,10,45,0,0,0
14302,Fantasia Child Care Center (2724826 Ontario Inc),Commercial,0,25,40,14,0
14308,Ridley Orchard School Ltd.,Commercial,0,0,94,0,0
14309,Family Day St Barnabas Child Care Centre,Non-Profit,10,15,24,26,30
14315,Lawrence Orton Early Learning & Child Care Centre,Public (City Operated) Agency,10,20,24,0,0
14318,Aspiring Academics Preschool - Kingston,Commercial,0,14,26,0,0
14319,Kids Way Daycare,Commercial,5,10,0,0,0
14321,Kids Connect Daycare,Commercial,10,30,16,0,0
14322,Bumble Bee Academy,Commercial,0,10,38,0,0
14323,Petitecare,Commercial,6,13,14,0,0
14325,Bumble Bee Garden Child Care Ltd.,Commercial,0,15,13,0,0
14326,Orchard Grove Nursery Inc,Commercial,0,0,32,21,30
14327,Kinderbrook Montessori School,Commercial,0,25,48,0,0
14328,Eh To Zed Preschool Canada Early Learning Academy,Commercial,10,30,48,0,0
14329,Toronto Cheder,Non-Profit,0,0,16,0,0
14333,Gan Chabad Preschool,Non-Profit,10,15,24,0,0
14335,Atelier Kids Inc.,Commercial,0,0,20,24,0
14336,Westside Montessori School,Commercial,0,12,23,0,0
14338,The Neighbourhood Group Harbourfront Child Care,Non-Profit,16,20,0,0,0
14339,The Neighbourhood Group Waterfront Child Care Centre,Non-Profit,0,0,40,26,30
14348,Eyes Abacus Child Care,Commercial,0,10,10,0,0
14350,Early Foundations Learning Centre,Commercial,0,15,32,0,0
14351,The Neighbourhood Group King Edward Child Care,Non-Profit,10,15,24,26,30
14352,Trace Manes School (8603758 Canada Inc),Commercial,6,8,12,0,0
14353,Little Town Childcare And Montessori,Commercial,0,10,24,0,0
14360,Plasp St. Isaac Jogues Catholic School - Tor,Non-Profit,0,0,0,0,15
14361,The Toronto Heschel School,Non-Profit,0,0,24,72,0
14362,Hurwich Education Centre - Kamin,Non-Profit,0,0,24,78,0
14363,The Neighbourhood Group Bellevue Child Care,Non-Profit,0,10,24,0,0
14364,The Clover School - High Park,Commercial,0,11,116,0,0
14365,Simplysmart Childcare Centre & Montessori,Commercial,10,60,72,0,0
14366,Macaulay - St.Nicholas Of Bari Child Care Centre,Non-Profit,0,0,0,13,15
14367,St. Malachy Before & After School Program,Non-Profit,0,0,0,26,15
14370,Torah Tots Preschool,Non-Profit,10,15,40,0,0
14373,Waverley Road Montessori School,Commercial,0,10,19,0,0
14374,Angus Valley Montessori,Commercial,10,43,88,0,0
14375,Blue Bell Academy Inc.,Commercial,10,20,8,0,0
14377,The Toronto Cheder,Non-Profit,0,0,20,0,0
14382,Macaulay - Stanley Child Care Centre,Non-Profit,10,20,32,26,30
14390,Le Jardin De Moliere Inc,Commercial,0,0,15,0,0
14397,Narmer Montessori School,Commercial,0,10,8,0,0
14399,Kinder College Early Learning Centre,Commercial,10,45,48,0,0
14406,The Clover School - High Park Annette Campus,Commercial,0,15,0,0,0
14419,Impact Childcare Centre,Non-Profit,0,20,31,0,0
14422,Beach Hill Montessori,Commercial,0,25,40,0,0
14425,Royal York Childcare Inc,Commercial,10,15,24,0,30
14428,Kiiwednong Aborginal Head Start,Non-Profit,0,0,16,0,0
14430,Jolly Juniors,Commercial,10,24,5,0,0
14431,Aquabella Child Care,Non-Profit,10,20,32,0,0
14433,Macaulay - Tippett Child Care Centre,Non-Profit,10,15,24,0,0
14452,Bendale Licensed Before And After School Program,Non-Profit,0,0,0,26,30
14453,Family Day Muirhead Extended Day And School Age Program,Non-Profit,0,0,0,26,15
14454,Family Day Thomas L Wells Extended Day And School Age Program,Non-Profit,0,0,0,13,30
14455,Macaulay - George Syme Child Care Centre,Non-Profit,0,0,0,26,15
14456,Macaulay - Hj Alexander Child Care Centre,Non-Profit,0,0,0,26,30
14457,Birch Cliff Heights Licensed Before And After School Program,Non-Profit,0,0,0,26,15
14458,Chine Drive Licensed Before And After School Program,Non-Profit,0,0,0,26,30
14459,Young Talents Academy,Commercial,0,30,40,0,0
14461,Macaulay - Valleyfield Child Care Centre,Non-Profit,0,0,0,26,30
14463,Macaulay - Pelmo Park Child Care Centre,Non-Profit,0,0,0,26,30
14465,Macaulay - St. Paul VI,Non-Profit,0,15,24,26,30
14466,Network Child Care Services - St. Bartholomew Child Care Centre,Non-Profit,10,15,24,13,15
14469,Kepalen Angelic Child Care,Non-Profit,6,13,15,0,0
14470,Central Montessori School,Commercial,0,30,16,0,0
14475,Plasp St. Margaret C.S.,Non-Profit,0,0,0,0,15
14478,Happyland Childcare Learning Centre,Commercial,10,30,64,0,0
14484,Queen Street Childcare Centre,Non-Profit,10,15,24,0,0
14492,The Neighbourhood Group Downsview Child Care,Non-Profit,0,0,0,52,60
14496,Lawrence Park School,Non-Profit,0,25,35,0,0
14497,The Munchkin Manor Daycare & Early Learning Centre Inc.,Commercial,0,25,24,0,0
14501,Columbus Early Learning Centres - Regina Mundi,Non-Profit,0,0,0,26,30
14504,Brightpath Leslieville,Commercial,30,60,64,0,0
14516,Chabad Of Midtown,Non-Profit,20,35,0,0,0
14531,Tree Of Life Montessori Academy,Non-Profit,10,15,46,0,0
14539,Ivy Montessori School,Commercial,0,0,24,0,0
14540,Willow World,Commercial,0,19,21,0,0
14541,The Village Nursery School,Commercial,0,0,18,0,0
14543,Rec Room Child Care @mimico,Commercial,0,15,21,0,0
14550,Little Giants,Commercial,0,0,38,0,0
14552,Moshava Ba'Ir Day Camp Of Toronto - Preschool,Non-Profit,0,0,24,50,0
14554,Riverdale Learning Loft Inc.,Commercial,10,15,16,0,0
14557,Children's Garden Nursery School,Non-Profit,0,0,29,23,0
14560,Le Petit Chaperon Rouge Milverton,Non-Profit,10,10,24,0,0
14568,Pope Francis (North York Little Prints Daycare),Non-Profit,0,0,0,26,30
14569,Macaulay Centres For Chidren - St. Jane Frances,Non-Profit,0,0,0,26,30
14570,Heart Beatz Child Care - Cedarbrook Site,Non-Profit,0,0,0,26,30
14571,Macaulay - St. Thomas Aquinas Child Care Centre,Non-Profit,0,0,0,26,30
14572,Family Day North Agincourt Before And After School Program,Non-Profit,0,0,0,26,30
14573,Wonderkids Daycare,Non-Profit,0,0,24,0,0
14574,Family Day Sacred Heart Toronto Before And After School Program,Non-Profit,0,0,0,26,30
14575,Family Day Kingslake Before And After School Program,Non-Profit,0,0,0,26,30
14576,Macaulay - St. Jude Child Care Centre,Non-Profit,0,0,0,26,30
14577,George Brown - Dennis Avenue Child Care Centre,Non-Profit,0,0,0,26,30
14579,Guidepost Montessori At The Annex,Non-Profit,0,12,48,0,35
14580,The Montessori Schoolhouse,Non-Profit,0,0,16,0,0
